Time,RAINRATE,T2D,Q2D,U2D,V2D,PSFC,SWDOWN,LWDOWN
2012-06-01 00:00:00,0.00000000,283.96,0.00676, 1.623,-3.617, 96553.7, 13.26,309.55
2012-06-01 01:00:00,0.00000000,282.97,0.00652, 1.558,-3.424, 96605.5,  0.00,309.56
2012-06-01 02:00:00,0.00000000,281.97,0.00628, 1.500,-3.226, 96661.5,  0.00,309.52
2012-06-01 03:00:00,0.00000000,280.97,0.00603, 1.436,-3.033, 96712.9,  0.00,304.60
2012-06-01 04:00:00,0.00000000,280.39,0.00588, 1.434,-2.982, 96752.9,  0.00,304.23
2012-06-01 05:00:00,0.00000000,279.81,0.00572, 1.435,-2.927, 96790.5,  0.00,303.88
2012-06-01 06:00:00,0.00000000,279.23,0.00557, 1.429,-2.875, 96829.5,  0.00,277.24
2012-06-01 07:00:00,0.00000000,278.57,0.00527, 1.451,-2.873, 96828.8,  0.00,276.71
2012-06-01 08:00:00,0.00000000,277.90,0.00498, 1.466,-2.872, 96827.0,  0.00,276.17
2012-06-01 09:00:00,0.00000000,277.24,0.00470, 1.487,-2.865, 96827.6, 18.46,261.44
2012-06-01 10:00:00,0.00000000,279.13,0.00491, 1.185,-3.435, 96942.5,150.42,261.70
2012-06-01 11:00:00,0.00000000,281.01,0.00513, 0.878,-4.006, 97054.7,287.73,261.99
2012-06-01 12:00:00,0.00000000,282.90,0.00534, 0.573,-4.573, 97169.8,436.73,279.30
2012-06-01 13:00:00,0.00000000,284.16,0.00559, 0.289,-4.825, 97110.4,597.85,280.03
2012-06-01 14:00:00,0.00000000,285.42,0.00584, 0.004,-5.081, 97050.2,723.70,280.74
2012-06-01 15:00:00,0.00000000,286.68,0.00610,-0.284,-5.336, 96991.2,689.19,328.98
2012-06-01 16:00:00,0.00000000,287.44,0.00636,-0.110,-4.862, 96993.6,737.28,329.67
2012-06-01 17:00:00,0.00000000,288.20,0.00663, 0.057,-4.384, 96997.0,743.17,330.34
2012-06-01 18:00:00,0.00000000,288.96,0.00690, 0.224,-3.916, 97001.2,839.16,308.84
2012-06-01 19:00:00,0.00000000,289.42,0.00707,-0.449,-3.851, 96995.3,748.39,309.39
2012-06-01 20:00:00,0.00000000,289.89,0.00724,-1.112,-3.785, 96990.0,621.30,309.92
2012-06-01 21:00:00,0.00000000,290.35,0.00741,-1.784,-3.720, 96982.3,489.26,297.80
2012-06-01 22:00:00,0.00000000,288.86,0.00730,-2.049,-2.964, 96968.4,337.37,296.45
2012-06-01 23:00:00,0.00000000,287.36,0.00719,-2.317,-2.208, 96954.2,186.58,295.11
2012-06-02 00:00:00,0.00000000,285.86,0.00708,-2.582,-1.452, 96938.5, 23.50,279.52
2012-06-02 01:00:00,0.00000000,284.62,0.00630,-2.566,-1.029, 96934.0,  0.00,278.35
2012-06-02 02:00:00,0.00000000,283.38,0.00554,-2.556,-0.600, 96934.2,  0.00,277.17
2012-06-02 03:00:00,0.00000000,282.13,0.00481,-2.545,-0.176, 96932.7,  0.00,264.00
2012-06-02 04:00:00,0.00000000,281.27,0.00475,-2.553, 0.608, 96974.1,  0.00,263.33
2012-06-02 05:00:00,0.00000000,280.39,0.00469,-2.562, 1.396, 97019.0,  0.00,262.61
2012-06-02 06:00:00,0.00000000,279.53,0.00463,-2.569, 2.180, 97062.9,  0.00,274.26
2012-06-02 07:00:00,0.00000000,279.40,0.00469,-2.729, 1.956, 96986.6,  0.00,274.43
2012-06-02 08:00:00,0.00000000,279.27,0.00476,-2.888, 1.735, 96912.4,  0.00,274.62
2012-06-02 09:00:00,0.00000000,279.14,0.00482,-3.045, 1.511, 96837.4, 16.63,301.45
2012-06-02 10:00:00,0.00000000,281.46,0.00554,-3.424, 1.910, 96892.1,128.29,303.27
2012-06-02 11:00:00,0.00000000,283.79,0.00629,-3.805, 2.309, 96944.0,244.49,305.13
2012-06-02 12:00:00,0.00000000,286.11,0.00707,-4.190, 2.710, 96996.7,327.47,341.68
2012-06-02 13:00:00,0.00000000,287.16,0.00726,-4.465, 3.736, 96954.0,448.04,341.74
2012-06-02 14:00:00,0.00000000,288.20,0.00745,-4.738, 4.769, 96911.5,542.25,341.86
2012-06-02 15:00:00,0.00000281,289.25,0.00764,-5.012, 5.802, 96866.8,552.25,355.03
2012-06-02 16:00:00,0.00003563,289.30,0.00775,-5.332, 5.559, 96829.6,590.77,354.46
2012-06-02 17:00:00,0.00001768,289.35,0.00786,-5.645, 5.318, 96790.7,595.57,353.89
2012-06-02 18:00:00,0.00000951,289.40,0.00797,-5.963, 5.074, 96753.3,518.47,359.38
2012-06-02 19:00:00,0.00002497,289.24,0.00799,-6.090, 5.169, 96642.7,462.50,358.78
2012-06-02 20:00:00,0.00004219,289.08,0.00801,-6.217, 5.264, 96531.3,384.19,358.18
2012-06-02 21:00:00,0.00006322,288.92,0.00803,-6.344, 5.353, 96420.8,309.12,350.55
2012-06-02 22:00:00,0.00002729,287.88,0.00807,-5.882, 4.719, 96540.8,213.54,349.21
2012-06-02 23:00:00,0.00001930,286.84,0.00810,-5.421, 4.081, 96660.3,118.68,347.88
2012-06-03 00:00:00,0.00001301,285.80,0.00812,-4.955, 3.446, 96779.9, 17.94,343.08
2012-06-03 01:00:00,0.00000000,285.05,0.00773,-4.879, 3.215, 96702.6,  0.00,342.48
2012-06-03 02:00:00,0.00000000,284.31,0.00734,-4.809, 2.985, 96625.8,  0.00,341.85
2012-06-03 03:00:00,0.00000030,283.57,0.00696,-4.729, 2.755, 96548.7,  0.00,339.85
2012-06-03 04:00:00,0.00000190,283.19,0.00693,-5.024, 2.630, 96579.8,  0.00,339.76
2012-06-03 05:00:00,0.00000780,282.80,0.00689,-5.318, 2.499, 96611.3,  0.00,339.64
2012-06-03 06:00:00,0.00000021,282.42,0.00686,-5.609, 2.380, 96640.7,  0.00,337.53
2012-06-03 07:00:00,0.00000614,282.12,0.00679,-5.587, 2.194, 96567.0,  0.00,337.70
2012-06-03 08:00:00,0.00000601,281.82,0.00672,-5.564, 2.014, 96494.0,  0.00,337.86
2012-06-03 09:00:00,0.00001215,281.53,0.00665,-5.538, 1.829, 96420.2,  7.35,340.33
2012-06-03 10:00:00,0.00001795,281.65,0.00659,-6.051, 1.857, 96473.5, 54.01,340.60
2012-06-03 11:00:00,0.00004295,281.77,0.00653,-6.563, 1.887, 96525.4,102.56,340.89
2012-06-03 12:00:00,0.00008517,281.89,0.00647,-7.075, 1.917, 96578.5,243.21,340.78
2012-06-03 13:00:00,0.00006227,283.38,0.00681,-7.074, 1.391, 96528.9,332.62,343.87
2012-06-03 14:00:00,0.00001521,284.87,0.00715,-7.066, 0.869, 96481.1,402.44,346.97
2012-06-03 15:00:00,0.00002861,286.36,0.00751,-7.065, 0.342, 96428.1,515.71,349.09
2012-06-03 16:00:00,0.00003444,286.72,0.00770,-7.039, 0.486, 96414.5,551.70,349.27
2012-06-03 17:00:00,0.00006756,287.08,0.00789,-7.019, 0.628, 96399.8,556.24,349.43
2012-06-03 18:00:00,0.00006351,287.44,0.00808,-6.994, 0.773, 96384.0,574.11,349.75
2012-06-03 19:00:00,0.00010371,287.41,0.00826,-6.633, 0.340, 96399.5,512.31,349.83
2012-06-03 20:00:00,0.00007723,287.37,0.00843,-6.275,-0.093, 96416.0,425.73,349.88
2012-06-03 21:00:00,0.00006525,287.34,0.00861,-5.921,-0.523, 96432.7,341.16,343.99
2012-06-03 22:00:00,0.00017905,286.59,0.00847,-5.618,-0.761, 96439.9,236.12,344.66
2012-06-03 23:00:00,0.00015013,285.83,0.00834,-5.317,-1.000, 96447.5,131.87,345.30
2012-06-04 00:00:00,0.00003180,285.08,0.00819,-5.015,-1.236, 96456.0, 19.89,339.64
2012-06-04 01:00:00,0.00005904,284.53,0.00787,-4.815,-1.522, 96469.6,  0.00,340.36
2012-06-04 02:00:00,0.00000212,283.98,0.00754,-4.612,-1.806, 96481.5,  0.00,341.06
2012-06-04 03:00:00,0.00000000,283.43,0.00720,-4.409,-2.093, 96493.9,  0.00,320.19
2012-06-04 04:00:00,0.00000000,282.86,0.00692,-4.386,-2.204, 96474.4,  0.00,320.96
2012-06-04 05:00:00,0.00000000,282.29,0.00664,-4.369,-2.320, 96455.8,  0.00,321.75
2012-06-04 06:00:00,0.00000000,281.72,0.00635,-4.349,-2.432, 96437.5,  0.00,289.93
2012-06-04 07:00:00,0.00000000,281.23,0.00620,-3.849,-2.458, 96368.9,  0.00,290.42
2012-06-04 08:00:00,0.00000000,280.75,0.00605,-3.354,-2.490, 96302.1,  0.00,290.95
2012-06-04 09:00:00,0.00000000,280.26,0.00589,-2.854,-2.525, 96235.3, 20.89,283.91
2012-06-04 10:00:00,0.00000000,281.63,0.00615,-3.455,-2.927, 96312.6,147.50,283.00
2012-06-04 11:00:00,0.00000000,283.00,0.00640,-4.056,-3.332, 96392.7,279.31,282.07
2012-06-04 12:00:00,0.00000000,284.38,0.00665,-4.657,-3.739, 96470.6,239.28,342.82
2012-06-04 13:00:00,0.00000000,285.00,0.00680,-4.971,-3.833, 96450.1,327.06,342.41
2012-06-04 14:00:00,0.00000000,285.62,0.00695,-5.288,-3.929, 96428.7,395.66,342.03
2012-06-04 15:00:00,0.00000000,286.24,0.00710,-5.609,-4.027, 96407.6,303.44,361.38
2012-06-04 16:00:00,0.00000000,286.44,0.00733,-5.165,-4.510, 96444.1,324.62,361.32
2012-06-04 17:00:00,0.00000000,286.65,0.00755,-4.727,-4.990, 96482.1,327.37,361.21
2012-06-04 18:00:00,0.00000000,286.85,0.00777,-4.292,-5.470, 96523.0,420.03,352.01
2012-06-04 19:00:00,0.00000000,287.03,0.00782,-4.345,-5.391, 96495.0,374.94,352.09
2012-06-04 20:00:00,0.00000000,287.22,0.00788,-4.406,-5.321, 96468.4,311.84,352.14
2012-06-04 21:00:00,0.00000000,287.40,0.00793,-4.469,-5.244, 96439.8,302.13,336.85
2012-06-04 22:00:00,0.00000000,287.06,0.00805,-4.064,-4.991, 96501.3,209.45,337.38
2012-06-04 23:00:00,0.00000000,286.71,0.00817,-3.663,-4.738, 96562.1,117.48,337.91
2012-06-05 00:00:00,0.00012841,286.36,0.00829,-3.256,-4.487, 96623.2, 16.34,338.61
2012-06-05 01:00:00,0.00000000,285.43,0.00793,-2.887,-4.022, 96609.3,  0.00,338.86
2012-06-05 02:00:00,0.00000000,284.49,0.00757,-2.513,-3.554, 96593.9,  0.00,339.09
2012-06-05 03:00:00,0.00000000,283.56,0.00721,-2.141,-3.085, 96583.8,  0.00,283.22
2012-06-05 04:00:00,0.00000000,282.72,0.00679,-1.729,-3.215, 96566.3,  0.00,283.09
2012-06-05 05:00:00,0.00000000,281.87,0.00637,-1.312,-3.346, 96551.3,  0.00,282.96
2012-06-05 06:00:00,0.00000000,281.03,0.00595,-0.898,-3.475, 96534.9,  0.00,266.58
2012-06-05 07:00:00,0.00000000,280.75,0.00584,-0.838,-3.512, 96513.5,  0.00,266.40
2012-06-05 08:00:00,0.00000000,280.47,0.00573,-0.770,-3.553, 96488.6,  0.00,266.21
2012-06-05 09:00:00,0.00000000,280.19,0.00562,-0.704,-3.592, 96466.6, 17.06,295.38
2012-06-05 10:00:00,0.00000000,282.14,0.00608,-1.222,-3.973, 96538.0,116.18,295.70
2012-06-05 11:00:00,0.00000000,284.09,0.00655,-1.744,-4.354, 96611.5,219.38,296.00
2012-06-05 12:00:00,0.00000000,286.04,0.00702,-2.263,-4.737, 96683.7,266.94,330.46
2012-06-05 13:00:00,0.00000000,286.65,0.00718,-2.945,-4.750, 96651.2,364.78,330.60
2012-06-05 14:00:00,0.00000000,287.27,0.00734,-3.634,-4.761, 96620.5,441.22,330.75
2012-06-05 15:00:00,0.00000000,287.88,0.00750,-4.315,-4.769, 96590.1,235.51,365.89
2012-06-05 16:00:00,0.00003685,287.84,0.00758,-3.989,-4.602, 96620.5,251.98,365.93
2012-06-05 17:00:00,0.00000000,287.80,0.00766,-3.658,-4.437, 96649.7,254.12,365.96
2012-06-05 18:00:00,0.00000000,287.76,0.00773,-3.332,-4.264, 96680.4,285.71,359.16
2012-06-05 19:00:00,0.00000434,287.51,0.00774,-3.515,-3.988, 96705.9,255.16,359.27
2012-06-05 20:00:00,0.00000868,287.26,0.00774,-3.694,-3.713, 96732.8,212.30,359.35
2012-06-05 21:00:00,0.00001335,287.01,0.00775,-3.872,-3.435, 96759.1,192.34,345.51
2012-06-05 22:00:00,0.00000000,285.62,0.00752,-3.460,-3.411, 96799.0,133.57,343.49
2012-06-05 23:00:00,0.00006194,284.23,0.00728,-3.054,-3.384, 96838.9, 75.22,341.45
2012-06-06 00:00:00,0.00000380,282.84,0.00705,-2.638,-3.361, 96881.2, 10.40,343.36
2012-06-06 01:00:00,0.00000082,282.57,0.00701,-2.240,-3.245, 96817.1,  0.00,343.11
2012-06-06 02:00:00,0.00000045,282.30,0.00696,-1.851,-3.130, 96752.7,  0.00,342.87
2012-06-06 03:00:00,0.00000449,282.03,0.00692,-1.452,-3.016, 96691.1,  0.00,337.53
2012-06-06 04:00:00,0.00000000,281.81,0.00686,-1.237,-3.119, 96723.3,  0.00,337.39
2012-06-06 05:00:00,0.00000000,281.59,0.00680,-1.019,-3.223, 96756.0,  0.00,337.28
2012-06-06 06:00:00,0.00000003,281.38,0.00675,-0.798,-3.326, 96787.7,  0.00,324.08
2012-06-06 07:00:00,0.00000786,281.20,0.00668,-0.729,-3.496, 96743.3,  0.00,323.93
2012-06-06 08:00:00,0.00000868,281.02,0.00661,-0.650,-3.671, 96699.1,  0.00,323.80
2012-06-06 09:00:00,0.00000453,280.84,0.00654,-0.575,-3.847, 96653.8,  9.42,335.92
2012-06-06 10:00:00,0.00000436,281.75,0.00681,-0.973,-3.959, 96699.7, 62.26,337.29
2012-06-06 11:00:00,0.00000436,282.66,0.00709,-1.372,-4.068, 96747.9,117.28,338.66
2012-06-06 12:00:00,0.00000434,283.57,0.00738,-1.776,-4.182, 96792.1,182.75,350.04
2012-06-06 13:00:00,0.00000000,284.46,0.00746,-1.569,-3.870, 96782.7,249.62,351.55
2012-06-06 14:00:00,0.00000000,285.34,0.00754,-1.358,-3.562, 96771.9,301.85,353.13
2012-06-06 15:00:00,0.00000000,286.22,0.00762,-1.151,-3.251, 96761.3,324.86,358.63
2012-06-06 16:00:00,0.00000000,286.68,0.00764,-0.886,-3.210, 96782.4,347.61,359.65
2012-06-06 17:00:00,0.00000000,287.13,0.00768,-0.623,-3.163, 96800.3,350.64,360.70
2012-06-06 18:00:00,0.00000000,287.58,0.00770,-0.359,-3.119, 96819.5,480.87,344.28
2012-06-06 19:00:00,0.00000000,288.19,0.00800,-0.758,-3.307, 96808.0,429.61,345.54
2012-06-06 20:00:00,0.00000000,288.80,0.00830,-1.161,-3.500, 96797.1,357.64,346.83
2012-06-06 21:00:00,0.00000000,289.40,0.00861,-1.557,-3.691, 96787.9,265.47,342.59
2012-06-06 22:00:00,0.00000000,288.16,0.00839,-1.549,-3.218, 96800.6,184.65,340.63
2012-06-06 23:00:00,0.00000050,286.91,0.00818,-1.538,-2.749, 96817.3,104.42,338.65
2012-06-07 00:00:00,0.00000549,285.67,0.00797,-1.534,-2.284, 96831.0, 11.49,348.96
2012-06-07 01:00:00,0.00000000,284.47,0.00762,-1.417,-2.221, 96868.1,  0.00,346.72
2012-06-07 02:00:00,0.00000000,283.26,0.00727,-1.301,-2.148, 96907.5,  0.00,344.49
2012-06-07 03:00:00,0.00000020,282.06,0.00694,-1.179,-2.085, 96945.0,  0.00,332.02
2012-06-07 04:00:00,0.00000130,281.53,0.00677,-1.182,-1.972, 96915.7,  0.00,330.81
2012-06-07 05:00:00,0.00000000,280.99,0.00661,-1.192,-1.855, 96886.2,  0.00,329.57
2012-06-07 06:00:00,0.00000000,280.46,0.00645,-1.193,-1.739, 96854.7,  0.00,323.78
2012-06-07 07:00:00,0.00000000,280.33,0.00638,-1.063,-1.855, 96825.3,  0.00,323.51
2012-06-07 08:00:00,0.00000000,280.21,0.00631,-0.923,-1.970, 96794.9,  0.00,323.28
2012-06-07 09:00:00,0.00000000,280.08,0.00623,-0.791,-2.086, 96766.9,  9.85,333.63
2012-06-07 10:00:00,0.00000000,280.84,0.00638,-0.702,-2.187, 96780.9, 63.32,333.89
2012-06-07 11:00:00,0.00000000,281.61,0.00653,-0.610,-2.286, 96795.8,119.03,334.14
2012-06-07 12:00:00,0.00000000,282.37,0.00669,-0.520,-2.387, 96809.3,246.09,342.09
2012-06-07 13:00:00,0.00000000,283.77,0.00695,-0.252,-2.756, 96777.6,336.06,343.33
2012-06-07 14:00:00,0.00000000,285.17,0.00722, 0.017,-3.129, 96742.8,406.36,344.65
2012-06-07 15:00:00,0.00000000,286.56,0.00750, 0.286,-3.497, 96709.0,653.18,333.16
2012-06-07 16:00:00,0.00000000,287.65,0.00763,-0.099,-3.250, 96664.1,698.92,334.43
2012-06-07 17:00:00,0.00000000,288.74,0.00776,-0.477,-2.999, 96617.3,705.12,335.70
2012-06-07 18:00:00,0.00000000,289.83,0.00789,-0.865,-2.749, 96573.6,765.06,327.13
2012-06-07 19:00:00,0.00000000,290.57,0.00800, 0.384,-2.308, 96598.7,683.70,328.25
2012-06-07 20:00:00,0.00000000,291.31,0.00811, 1.638,-1.868, 96628.0,569.45,329.38
2012-06-07 21:00:00,0.00000000,292.06,0.00822, 2.889,-1.431, 96656.4,488.82,312.37
2012-06-07 22:00:00,0.00000000,290.67,0.00822, 2.748,-1.512, 96630.0,340.54,311.23
2012-06-07 23:00:00,0.00000000,289.28,0.00821, 2.606,-1.596, 96607.5,193.30,310.09
2012-06-08 00:00:00,0.00000000,287.90,0.00820, 2.457,-1.680, 96582.2, 23.40,282.41
2012-06-08 01:00:00,0.00000000,286.04,0.00732, 2.785,-0.416, 96578.0,  0.00,279.65
2012-06-08 02:00:00,0.00000000,284.18,0.00650, 3.101, 0.841, 96572.2,  0.00,276.86
2012-06-08 03:00:00,0.00000000,282.32,0.00573, 3.421, 2.103, 96568.0,  0.00,268.33
2012-06-08 04:00:00,0.00000000,281.56,0.00564, 3.448, 1.878, 96490.7,  0.00,267.87
2012-06-08 05:00:00,0.00000000,280.79,0.00554, 3.477, 1.645, 96413.1,  0.00,267.37
2012-06-08 06:00:00,0.00000000,280.03,0.00546, 3.504, 1.423, 96335.5,  0.00,265.57
2012-06-08 07:00:00,0.00000000,279.66,0.00536, 3.513, 1.263, 96317.6,  0.00,265.25
2012-06-08 08:00:00,0.00000000,279.29,0.00528, 3.521, 1.103, 96301.7,  0.00,264.93
2012-06-08 09:00:00,0.00000000,278.91,0.00519, 3.527, 0.936, 96285.8, 22.90,273.92
2012-06-08 10:00:00,0.00000000,281.26,0.00608, 3.263, 1.206, 96260.0,143.83,274.81
2012-06-08 11:00:00,0.00000000,283.61,0.00700, 2.991, 1.468, 96236.6,269.82,275.70
2012-06-08 12:00:00,0.00000000,285.95,0.00794, 2.722, 1.735, 96216.9,449.16,307.25
2012-06-08 13:00:00,0.00000000,288.06,0.00841, 2.743, 2.019, 96170.4,613.17,308.06
2012-06-08 14:00:00,0.00000000,290.17,0.00889, 2.754, 2.300, 96126.5,741.41,308.82
2012-06-08 15:00:00,0.00000000,292.28,0.00937, 2.775, 2.584, 96080.4,738.15,341.28
2012-06-08 16:00:00,0.00000002,292.34,0.00917, 2.569, 2.910, 96041.7,789.90,341.19
2012-06-08 17:00:00,0.00000965,292.39,0.00897, 2.361, 3.233, 96002.3,797.02,341.10
2012-06-08 18:00:00,0.00053080,292.45,0.00877, 2.159, 3.559, 95961.5,555.95,360.02
2012-06-08 19:00:00,0.00121883,291.69,0.00874, 2.550, 3.589, 95903.1,497.04,359.62
2012-06-08 20:00:00,0.00046831,290.92,0.00872, 2.940, 3.630, 95850.2,414.20,359.24
2012-06-08 21:00:00,0.00008930,290.16,0.00870, 3.336, 3.663, 95794.4,325.11,352.06
2012-06-08 22:00:00,0.00001627,288.69,0.00844, 3.221, 3.260, 95826.5,226.79,349.92
2012-06-08 23:00:00,0.00070915,287.22,0.00820, 3.110, 2.863, 95861.4,129.21,347.76
2012-06-09 00:00:00,0.00019939,285.76,0.00795, 3.000, 2.460, 95896.6,  9.20,343.30
2012-06-09 01:00:00,0.00046770,284.37,0.00760, 3.046, 2.403, 95943.8,  0.00,341.98
2012-06-09 02:00:00,0.00092603,282.99,0.00725, 3.084, 2.338, 95990.2,  0.00,340.72
2012-06-09 03:00:00,0.00117996,281.61,0.00691, 3.128, 2.283, 96036.2,  0.00,332.11
2012-06-09 04:00:00,0.00096559,281.28,0.00679, 3.625, 1.628, 96067.1,  0.00,332.01
2012-06-09 05:00:00,0.00074126,280.95,0.00667, 4.125, 0.975, 96100.1,  0.00,331.86
2012-06-09 06:00:00,0.00030550,280.61,0.00655, 4.614, 0.326, 96134.5,  0.00,320.49
2012-06-09 07:00:00,0.00000000,280.36,0.00636, 4.322,-0.175, 96070.2,  0.00,320.46
2012-06-09 08:00:00,0.00000000,280.11,0.00618, 4.027,-0.665, 96005.8,  0.00,320.43
2012-06-09 09:00:00,0.00000000,279.86,0.00598, 3.732,-1.162, 95944.8, 14.19,311.53
2012-06-09 10:00:00,0.00000000,280.94,0.00625, 4.074,-1.245, 96038.2, 87.44,313.06
2012-06-09 11:00:00,0.00000000,282.01,0.00652, 4.406,-1.319, 96133.9,163.77,314.60
2012-06-09 12:00:00,0.00000000,283.09,0.00680, 4.745,-1.393, 96225.1,328.27,314.88
2012-06-09 13:00:00,0.00000000,284.66,0.00698, 4.843,-2.572, 96183.3,448.07,316.78
2012-06-09 14:00:00,0.00000000,286.24,0.00716, 4.930,-3.747, 96143.1,541.75,318.69
2012-06-09 15:00:00,0.00000000,287.82,0.00735, 5.022,-4.927, 96100.5,620.51,328.80
2012-06-09 16:00:00,0.00000000,288.49,0.00734, 5.009,-5.022, 96153.4,664.13,329.42
2012-06-09 17:00:00,0.00005690,289.16,0.00734, 4.998,-5.111, 96208.6,670.16,330.04
2012-06-09 18:00:00,0.00000260,289.84,0.00734, 4.988,-5.206, 96261.6,723.97,336.06
2012-06-09 19:00:00,0.00000000,290.24,0.00750, 4.271,-5.060, 96233.7,647.38,336.30
2012-06-09 20:00:00,0.00000000,290.63,0.00766, 3.550,-4.912, 96206.6,539.70,336.53
2012-06-09 21:00:00,0.00000000,291.03,0.00783, 2.834,-4.762, 96178.1,374.05,359.02
2012-06-09 22:00:00,0.00000000,289.95,0.00795, 2.208,-4.073, 96305.1,261.33,357.50
2012-06-09 23:00:00,0.00000000,288.86,0.00807, 1.582,-3.376, 96432.8,149.35,355.98
2012-06-10 00:00:00,0.00000000,287.78,0.00818, 0.960,-2.686, 96558.9, 23.70,342.92
2012-06-10 01:00:00,0.00000000,286.28,0.00763, 0.887,-2.789, 96574.7,  0.00,340.84
2012-06-10 02:00:00,0.00000000,284.78,0.00711, 0.821,-2.893, 96592.2,  0.00,338.81
2012-06-10 03:00:00,0.00000000,283.29,0.00660, 0.755,-3.000, 96605.8,  0.00,325.75
2012-06-10 04:00:00,0.00000000,282.68,0.00643, 0.805,-2.772, 96681.7,  0.00,325.22
2012-06-10 05:00:00,0.00000001,282.08,0.00628, 0.851,-2.550, 96751.8,  0.00,324.71
2012-06-10 06:00:00,0.00000001,281.48,0.00612, 0.897,-2.321, 96827.6,  0.00,295.54
2012-06-10 07:00:00,0.00000001,281.26,0.00598, 0.586,-2.158, 96829.3,  0.00,295.60
2012-06-10 08:00:00,0.00000001,281.05,0.00585, 0.270,-1.991, 96832.6,  0.00,295.68
2012-06-10 09:00:00,0.00000000,280.83,0.00571,-0.041,-1.825, 96834.4, 25.23,282.91
2012-06-10 10:00:00,0.00000000,282.57,0.00634,-0.234,-1.710, 96993.6,152.85,283.72
2012-06-10 11:00:00,0.00000000,284.31,0.00698,-0.419,-1.589, 97152.6,285.89,284.49
2012-06-10 12:00:00,0.00000000,286.05,0.00764,-0.611,-1.472, 97309.7,448.18,302.78
2012-06-10 13:00:00,0.00000000,287.59,0.00800,-0.826,-2.068, 97287.2,611.66,304.03
2012-06-10 14:00:00,0.00000000,289.12,0.00837,-1.048,-2.661, 97266.0,739.50,305.29
2012-06-10 15:00:00,0.00000000,290.66,0.00876,-1.271,-3.251, 97243.2,805.06,323.88
2012-06-10 16:00:00,0.00000000,291.62,0.00901,-1.820,-2.481, 97275.3,861.70,325.29
2012-06-10 17:00:00,0.00000000,292.59,0.00928,-2.365,-1.713, 97307.8,869.66,326.72
2012-06-10 18:00:00,0.00000000,293.55,0.00955,-2.914,-0.941, 97340.3,780.15,357.85
2012-06-10 19:00:00,0.00000000,294.01,0.00975,-2.485,-0.691, 97320.4,697.90,359.21
2012-06-10 20:00:00,0.00000000,294.48,0.00995,-2.049,-0.436, 97303.1,582.05,360.60
2012-06-10 21:00:00,0.00000000,294.95,0.01015,-1.617,-0.184, 97285.6,439.34,371.95
2012-06-10 22:00:00,0.00000000,294.06,0.01051,-1.609, 0.434, 97343.0,307.36,371.90
2012-06-10 23:00:00,0.00000000,293.17,0.01087,-1.606, 1.059, 97401.4,176.22,371.82
2012-06-11 00:00:00,0.00000000,292.28,0.01123,-1.605, 1.679, 97460.4, 32.13,334.70
2012-06-11 01:00:00,0.00000000,290.21,0.00993,-1.665, 2.217, 97483.8,  0.00,332.71
2012-06-11 02:00:00,0.00000000,288.15,0.00868,-1.728, 2.749, 97504.6,  0.00,330.72
2012-06-11 03:00:00,0.00000000,286.08,0.00750,-1.785, 3.289, 97528.5,  0.00,295.29
2012-06-11 04:00:00,0.00000000,285.05,0.00722,-1.386, 3.345, 97537.6,  0.00,294.19
2012-06-11 05:00:00,0.00000000,284.01,0.00695,-0.990, 3.401, 97544.9,  0.00,293.11
2012-06-11 06:00:00,0.00000000,282.98,0.00668,-0.584, 3.459, 97554.1,  0.00,281.49
2012-06-11 07:00:00,0.00000000,282.55,0.00656,-0.644, 3.406, 97561.9,  0.00,281.24
2012-06-11 08:00:00,0.00000000,282.11,0.00643,-0.700, 3.353, 97570.6,  0.00,281.01
2012-06-11 09:00:00,0.00000000,281.67,0.00631,-0.764, 3.298, 97577.7, 22.08,295.09
2012-06-11 10:00:00,0.00000000,283.91,0.00729,-0.663, 3.457, 97628.1,132.07,296.60
2012-06-11 11:00:00,0.00000000,286.15,0.00831,-0.570, 3.623, 97680.7,246.75,298.11
2012-06-11 12:00:00,0.00000000,288.38,0.00937,-0.469, 3.782, 97730.8,417.79,328.43
2012-06-11 13:00:00,0.00000000,290.50,0.01007,-0.556, 4.256, 97652.2,570.12,329.44
2012-06-11 14:00:00,0.00000000,292.61,0.01079,-0.640, 4.733, 97575.6,689.29,330.52
2012-06-11 15:00:00,0.00000000,294.73,0.01152,-0.724, 5.204, 97496.2,701.38,350.87
2012-06-11 16:00:00,0.00000000,295.33,0.01164,-0.484, 5.610, 97486.4,750.80,351.28
2012-06-11 17:00:00,0.00000000,295.95,0.01178,-0.243, 6.010, 97476.7,757.92,351.72
2012-06-11 18:00:00,0.00000000,296.56,0.01190,-0.005, 6.409, 97467.6,850.09,360.51
2012-06-11 19:00:00,0.00000000,297.00,0.01232, 0.462, 6.197, 97430.2,760.60,360.74
2012-06-11 20:00:00,0.00000000,297.44,0.01274, 0.925, 5.985, 97394.0,634.66,361.00
2012-06-11 21:00:00,0.00000000,297.88,0.01317, 1.396, 5.772, 97355.4,483.88,360.40
2012-06-11 22:00:00,0.00000000,296.48,0.01309, 0.939, 5.138, 97344.4,338.91,358.82
2012-06-11 23:00:00,0.00000000,295.08,0.01301, 0.481, 4.508, 97334.5,194.91,357.20
2012-06-12 00:00:00,0.00000000,293.68,0.01292, 0.020, 3.870, 97322.6, 22.70,338.10
2012-06-12 01:00:00,0.00000000,292.17,0.01201, 0.099, 4.151, 97242.3,  0.00,336.80
2012-06-12 02:00:00,0.00000000,290.66,0.01111, 0.173, 4.432, 97158.3,  0.00,335.46
2012-06-12 03:00:00,0.00000000,289.15,0.01024, 0.248, 4.715, 97074.6,  0.00,328.02
2012-06-12 04:00:00,0.00000000,288.47,0.00995, 0.204, 4.749, 97122.6,  0.00,327.41
2012-06-12 05:00:00,0.00000000,287.80,0.00966, 0.170, 4.781, 97167.8,  0.00,326.84
2012-06-12 06:00:00,0.00000000,287.13,0.00937, 0.126, 4.819, 97214.3,  0.00,321.81
2012-06-12 07:00:00,0.00000000,286.73,0.00917, 0.031, 4.317, 97159.3,  0.00,322.55
2012-06-12 08:00:00,0.00000000,286.33,0.00898,-0.064, 3.813, 97102.5,  0.00,323.24
2012-06-12 09:00:00,0.00000000,285.94,0.00878,-0.161, 3.312, 97048.0, 25.22,326.85
2012-06-12 10:00:00,0.00000000,287.72,0.00966,-0.416, 3.521, 97047.8,149.19,326.93
2012-06-12 11:00:00,0.00000000,289.50,0.01054,-0.660, 3.731, 97048.0,278.48,327.02
2012-06-12 12:00:00,0.00000000,291.27,0.01142,-0.908, 3.942, 97049.4,430.78,362.74
2012-06-12 13:00:00,0.00000000,292.73,0.01226,-1.257, 4.403, 96955.5,587.81,361.79
2012-06-12 14:00:00,0.00000000,294.18,0.01308,-1.594, 4.862, 96859.4,710.74,360.80
2012-06-12 15:00:00,0.00000000,295.63,0.01389,-1.942, 5.323, 96766.6,772.28,377.73
2012-06-12 16:00:00,0.00000000,296.12,0.01400,-1.414, 5.703, 96764.5,826.79,377.01
2012-06-12 17:00:00,0.00000000,296.60,0.01412,-0.886, 6.078, 96762.3,834.70,376.33
2012-06-12 18:00:00,0.00000000,297.09,0.01423,-0.359, 6.460, 96761.3,826.39,377.14
2012-06-12 19:00:00,0.00000000,296.97,0.01416,-0.568, 6.351, 96651.4,739.60,376.78
2012-06-12 20:00:00,0.00000000,296.87,0.01409,-0.778, 6.243, 96539.7,617.39,376.42
2012-06-12 21:00:00,0.00000000,296.75,0.01402,-0.991, 6.134, 96428.0,469.48,369.73
2012-06-12 22:00:00,0.00000031,295.44,0.01360,-1.292, 6.038, 96443.0,329.22,369.38
2012-06-12 23:00:00,0.00000662,294.13,0.01318,-1.605, 5.939, 96457.8,189.87,368.98
2012-06-13 00:00:00,0.00000557,292.82,0.01277,-1.910, 5.843, 96475.3, 32.05,349.60
2012-06-13 01:00:00,0.00010524,291.54,0.01202,-1.582, 6.255, 96502.0,  0.00,349.59
2012-06-13 02:00:00,0.00007914,290.27,0.01128,-1.251, 6.659, 96527.1,  0.00,349.57
2012-06-13 03:00:00,0.00002281,288.99,0.01054,-0.926, 7.071, 96557.6,  0.00,337.95
2012-06-13 04:00:00,0.00000432,288.36,0.01024,-0.715, 6.699, 96548.6,  0.00,337.95
2012-06-13 05:00:00,0.00000810,287.73,0.00993,-0.498, 6.331, 96537.8,  0.00,337.92
2012-06-13 06:00:00,0.00000739,287.10,0.00962,-0.279, 5.959, 96529.7,  0.00,338.99
2012-06-13 07:00:00,0.00000434,286.88,0.00950,-0.448, 5.997, 96466.2,  0.00,339.15
2012-06-13 08:00:00,0.00001647,286.67,0.00939,-0.619, 6.036, 96404.9,  0.00,339.30
2012-06-13 09:00:00,0.00006859,286.46,0.00927,-0.785, 6.076, 96344.2, 10.42,366.11
2012-06-13 10:00:00,0.00014496,286.39,0.00922,-0.651, 6.015, 96408.5, 61.16,365.10
2012-06-13 11:00:00,0.00030203,286.32,0.00917,-0.517, 5.958, 96477.4,114.09,364.15
2012-06-13 12:00:00,0.00049901,286.26,0.00912,-0.378, 5.896, 96543.4,105.09,375.52
2012-06-13 13:00:00,0.00046386,287.83,0.01011,-0.453, 5.678, 96571.6,143.39,381.97
2012-06-13 14:00:00,0.00077666,289.40,0.01118,-0.522, 5.454, 96599.6,173.38,388.46
2012-06-13 15:00:00,0.00104530,290.98,0.01235,-0.593, 5.236, 96627.6,250.33,397.06
2012-06-13 16:00:00,0.00245048,291.57,0.01260, 0.431, 4.115, 96664.6,268.06,396.91
2012-06-13 17:00:00,0.00090357,292.17,0.01285, 1.458, 2.994, 96701.2,270.68,396.76
2012-06-13 18:00:00,0.00001687,292.76,0.01310, 2.487, 1.872, 96740.1,549.99,374.89
2012-06-13 19:00:00,0.00014996,292.70,0.01265, 2.414, 0.244, 96750.8,492.42,373.80
2012-06-13 20:00:00,0.00000880,292.65,0.01221, 2.343,-1.381, 96767.0,411.24,372.78
2012-06-13 21:00:00,0.00000000,292.59,0.01178, 2.270,-3.009, 96779.2,406.87,352.28
2012-06-13 22:00:00,0.00000000,291.81,0.01144, 2.134,-2.618, 96916.0,285.63,352.27
2012-06-13 23:00:00,0.00000000,291.03,0.01111, 2.009,-2.226, 97048.4,165.17,352.24
2012-06-14 00:00:00,0.00000000,290.25,0.01077, 1.872,-1.831, 97183.0, 26.67,296.02
2012-06-14 01:00:00,0.00000000,288.81,0.00992, 1.645,-2.365, 97209.1,  0.00,296.82
2012-06-14 02:00:00,0.00000000,287.37,0.00905, 1.418,-2.895, 97235.7,  0.00,297.68
2012-06-14 03:00:00,0.00000000,285.93,0.00816, 1.193,-3.433, 97261.5,  0.00,278.22
2012-06-14 04:00:00,0.00000000,285.02,0.00776, 1.076,-3.478, 97358.2,  0.00,278.28
2012-06-14 05:00:00,0.00000000,284.11,0.00736, 0.963,-3.524, 97454.5,  0.00,278.38
2012-06-14 06:00:00,0.00000000,283.20,0.00697, 0.844,-3.575, 97551.2,  0.00,266.55
2012-06-14 07:00:00,0.00000000,282.51,0.00663, 0.723,-3.609, 97528.9,  0.00,266.15
2012-06-14 08:00:00,0.00000000,281.82,0.00631, 0.604,-3.639, 97510.2,  0.00,265.78
2012-06-14 09:00:00,0.00000000,281.13,0.00599, 0.482,-3.676, 97488.1, 27.26,262.91
2012-06-14 10:00:00,0.00000000,282.71,0.00637, 0.242,-4.071, 97606.6,159.17,262.67
2012-06-14 11:00:00,0.00000000,284.30,0.00675, 0.003,-4.464, 97727.4,296.85,262.42
2012-06-14 12:00:00,0.00000000,285.88,0.00713,-0.233,-4.862, 97846.5,460.12,273.75
2012-06-14 13:00:00,0.00000000,286.78,0.00706, 0.537,-4.883, 97909.4,627.88,274.30
2012-06-14 14:00:00,0.00000000,287.69,0.00699, 1.306,-4.908, 97974.0,759.25,274.87
2012-06-14 15:00:00,0.00000000,288.59,0.00692, 2.076,-4.933, 98036.3,824.91,297.09
2012-06-14 16:00:00,0.00000000,289.41,0.00722, 1.816,-5.071, 97994.5,883.39,297.79
2012-06-14 17:00:00,0.00000000,290.24,0.00754, 1.560,-5.207, 97951.8,892.16,298.57
2012-06-14 18:00:00,0.00000000,291.05,0.00785, 1.307,-5.341, 97908.5,813.17,331.04
2012-06-14 19:00:00,0.00000000,291.46,0.00798, 1.270,-5.260, 97918.9,728.20,331.64
2012-06-14 20:00:00,0.00000000,291.86,0.00811, 1.232,-5.183, 97929.7,608.33,332.24
2012-06-14 21:00:00,0.00000000,292.27,0.00824, 1.190,-5.101, 97941.5,475.28,325.34
2012-06-14 22:00:00,0.00000000,291.04,0.00832, 0.490,-4.285, 97977.9,334.00,324.44
2012-06-14 23:00:00,0.00000000,289.81,0.00839,-0.218,-3.470, 98011.8,193.59,323.52
2012-06-15 00:00:00,0.00000000,288.57,0.00846,-0.921,-2.651, 98046.4, 31.40,281.01
2012-06-15 01:00:00,0.00000000,286.97,0.00717,-0.788,-2.565, 98042.9,  0.00,279.43
2012-06-15 02:00:00,0.00000000,285.36,0.00593,-0.658,-2.472, 98036.6,  0.00,277.83
2012-06-15 03:00:00,0.00000000,283.75,0.00475,-0.530,-2.397, 98031.1,  0.00,256.51
2012-06-15 04:00:00,0.00000000,282.60,0.00459,-0.359,-2.742, 98059.5,  0.00,255.28
2012-06-15 05:00:00,0.00000000,281.45,0.00444,-0.195,-3.092, 98089.7,  0.00,254.06
2012-06-15 06:00:00,0.00000000,280.30,0.00429,-0.028,-3.438, 98119.0,  0.00,252.15
2012-06-15 07:00:00,0.00000000,279.88,0.00424,-0.608,-3.414, 98052.4,  0.00,251.75
2012-06-15 08:00:00,0.00000000,279.46,0.00420,-1.186,-3.393, 97984.4,  0.00,251.34
2012-06-15 09:00:00,0.00000000,279.03,0.00416,-1.763,-3.361, 97919.2, 27.45,255.22
2012-06-15 10:00:00,0.00000000,281.63,0.00514,-1.412,-2.868, 98048.4,159.86,256.43
2012-06-15 11:00:00,0.00000000,284.24,0.00616,-1.063,-2.366, 98177.4,298.06,257.69
2012-06-15 12:00:00,0.00000000,286.83,0.00722,-0.710,-1.873, 98307.9,458.22,288.97
2012-06-15 13:00:00,0.00000000,288.39,0.00745,-1.689,-2.285, 98289.6,625.31,290.14
2012-06-15 14:00:00,0.00000000,289.95,0.00770,-2.668,-2.701, 98272.8,756.21,291.31
2012-06-15 15:00:00,0.00000000,291.50,0.00794,-3.641,-3.113, 98257.2,818.60,314.45
2012-06-15 16:00:00,0.00000000,292.20,0.00821,-3.225,-2.524, 98240.1,876.74,315.09
2012-06-15 17:00:00,0.00000000,292.90,0.00848,-2.811,-1.926, 98223.6,885.56,315.75
2012-06-15 18:00:00,0.00000000,293.60,0.00875,-2.396,-1.331, 98209.0,717.36,364.13
2012-06-15 19:00:00,0.00000000,293.81,0.00902,-2.513,-1.295, 98189.9,642.57,364.58
2012-06-15 20:00:00,0.00000000,294.01,0.00929,-2.626,-1.252, 98170.4,536.95,364.97
2012-06-15 21:00:00,0.00000000,294.22,0.00956,-2.744,-1.222, 98150.1,385.15,378.95
2012-06-15 22:00:00,0.00000000,293.12,0.00977,-2.648,-0.752, 98130.6,270.94,377.80
2012-06-15 23:00:00,0.00000000,292.01,0.00997,-2.550,-0.291, 98111.8,157.41,376.62
2012-06-16 00:00:00,0.00000000,290.91,0.01016,-2.444, 0.177, 98091.3, 30.91,324.67
2012-06-16 01:00:00,0.00000000,288.99,0.00861,-2.512, 0.403, 98121.1,  0.00,322.73
2012-06-16 02:00:00,0.00000000,287.06,0.00713,-2.575, 0.629, 98150.0,  0.00,320.78
2012-06-16 03:00:00,0.00000000,285.13,0.00572,-2.639, 0.861, 98179.5,  0.00,274.81
2012-06-16 04:00:00,0.00000000,284.24,0.00555,-2.242, 1.130, 98169.6,  0.00,274.08
2012-06-16 05:00:00,0.00000000,283.34,0.00538,-1.845, 1.397, 98160.8,  0.00,273.36
2012-06-16 06:00:00,0.00000000,282.44,0.00522,-1.444, 1.665, 98151.4,  0.00,266.07
2012-06-16 07:00:00,0.00000000,281.74,0.00514,-1.853, 1.788, 98124.6,  0.00,265.52
2012-06-16 08:00:00,0.00000000,281.04,0.00506,-2.259, 1.908, 98098.1,  0.00,264.94
2012-06-16 09:00:00,0.00000000,280.33,0.00499,-2.669, 2.029, 98072.4, 26.92,268.45
2012-06-16 10:00:00,0.00000000,282.98,0.00604,-2.407, 2.236, 98126.1,156.76,271.22
2012-06-16 11:00:00,0.00000000,285.62,0.00718,-2.143, 2.438, 98180.1,292.32,274.00
2012-06-16 12:00:00,0.00000000,288.26,0.00840,-1.889, 2.646, 98232.4,456.98,295.74
2012-06-16 13:00:00,0.00000000,289.54,0.00861,-1.938, 2.025, 98230.1,623.71,297.22
2012-06-16 14:00:00,0.00000000,290.83,0.00883,-1.996, 1.403, 98225.7,754.38,298.72
2012-06-16 15:00:00,0.00000000,292.11,0.00905,-2.047, 0.779, 98222.4,781.04,326.74
2012-06-16 16:00:00,0.00000000,292.85,0.00923,-1.391, 0.893, 98176.0,836.58,327.77
2012-06-16 17:00:00,0.00000000,293.60,0.00942,-0.733, 1.011, 98129.5,845.16,328.80
2012-06-16 18:00:00,0.00000000,294.34,0.00960,-0.069, 1.122, 98086.0,738.17,371.16
2012-06-16 19:00:00,0.00000000,294.77,0.00992, 0.054, 1.799, 98051.4,661.44,371.90
2012-06-16 20:00:00,0.00000000,295.20,0.01025, 0.173, 2.471, 98016.3,552.91,372.66
2012-06-16 21:00:00,0.00000000,295.62,0.01058, 0.293, 3.144, 97981.7,403.32,387.33
2012-06-16 22:00:00,0.00000000,294.38,0.01068, 0.167, 2.933, 97924.2,283.97,385.11
2012-06-16 23:00:00,0.00000000,293.14,0.01076, 0.039, 2.719, 97867.1,165.30,382.87
2012-06-17 00:00:00,0.00000000,291.90,0.01083,-0.094, 2.511, 97810.0, 33.70,361.21
2012-06-17 01:00:00,0.00000000,290.12,0.00969,-0.323, 2.752, 97827.2,  0.00,357.95
2012-06-17 02:00:00,0.00000000,288.33,0.00862,-0.563, 2.989, 97845.7,  0.00,354.61
2012-06-17 03:00:00,0.00000000,286.55,0.00760,-0.796, 3.228, 97867.1,  0.00,336.30
2012-06-17 04:00:00,0.00000000,285.66,0.00735,-0.504, 3.166, 97825.8,  0.00,334.28
2012-06-17 05:00:00,0.00000000,284.77,0.00711,-0.208, 3.103, 97788.8,  0.00,332.27
2012-06-17 06:00:00,0.00000000,283.89,0.00687, 0.085, 3.038, 97748.5,  0.00,282.92
2012-06-17 07:00:00,0.00000000,282.75,0.00646,-0.002, 3.238, 97658.7,  0.00,281.57
2012-06-17 08:00:00,0.00000000,281.62,0.00606,-0.086, 3.438, 97567.1,  0.00,280.22
2012-06-17 09:00:00,0.00000000,280.48,0.00567,-0.170, 3.635, 97475.8, 26.33,278.44
2012-06-17 10:00:00,0.00000000,283.26,0.00678,-0.113, 4.036, 97546.4,153.77,281.81
2012-06-17 11:00:00,0.00000000,286.04,0.00798,-0.054, 4.434, 97612.6,286.85,285.19
2012-06-17 12:00:00,0.00000000,288.81,0.00927, 0.004, 4.831, 97682.3,450.40,309.59
2012-06-17 13:00:00,0.00000000,290.66,0.00985, 0.217, 4.982, 97633.1,614.82,311.97
2012-06-17 14:00:00,0.00000000,292.50,0.01044, 0.422, 5.132, 97586.5,743.76,314.29
2012-06-17 15:00:00,0.00000000,294.35,0.01105, 0.632, 5.287, 97536.3,823.76,333.91
2012-06-17 16:00:00,0.00000000,295.09,0.01131, 0.288, 5.541, 97493.5,882.50,334.99
2012-06-17 17:00:00,0.00000000,295.82,0.01159,-0.056, 5.792, 97449.2,891.69,336.09
2012-06-17 18:00:00,0.00000000,296.56,0.01186,-0.398, 6.047, 97408.1,871.89,342.61
2012-06-17 19:00:00,0.00000000,296.76,0.01214,-0.061, 5.905, 97344.1,781.41,343.05
2012-06-17 20:00:00,0.00000000,296.95,0.01242, 0.277, 5.761, 97280.7,653.45,343.49
2012-06-17 21:00:00,0.00000000,297.15,0.01270, 0.616, 5.622, 97217.2,504.44,336.50
2012-06-17 22:00:00,0.00000000,295.51,0.01243, 0.318, 5.023, 97174.6,355.43,335.29
2012-06-17 23:00:00,0.00000000,293.87,0.01216, 0.019, 4.421, 97132.7,207.31,334.05
2012-06-18 00:00:00,0.00000000,292.23,0.01190,-0.277, 3.825, 97091.4, 30.18,310.53
2012-06-18 01:00:00,0.00000000,290.79,0.01108,-0.268, 4.137, 97151.2,  0.00,309.68
2012-06-18 02:00:00,0.00000000,289.34,0.01026,-0.246, 4.447, 97208.6,  0.00,308.81
2012-06-18 03:00:00,0.00000000,287.90,0.00947,-0.240, 4.755, 97268.6,  0.00,296.81
2012-06-18 04:00:00,0.00000000,287.05,0.00913, 0.073, 4.643, 97259.9,  0.00,296.53
2012-06-18 05:00:00,0.00000000,286.20,0.00879, 0.395, 4.526, 97249.3,  0.00,296.18
2012-06-18 06:00:00,0.00000000,285.35,0.00846, 0.701, 4.413, 97240.8,  0.00,290.59
2012-06-18 07:00:00,0.00000000,284.77,0.00819, 0.292, 4.456, 97182.6,  0.00,290.59
2012-06-18 08:00:00,0.00000000,284.18,0.00792,-0.122, 4.497, 97124.4,  0.00,290.61
2012-06-18 09:00:00,0.00000000,283.59,0.00765,-0.532, 4.533, 97064.8, 26.19,294.69
2012-06-18 10:00:00,0.00000000,285.55,0.00837,-0.474, 4.729, 97149.4,153.67,295.89
2012-06-18 11:00:00,0.00000000,287.51,0.00912,-0.415, 4.918, 97234.0,286.83,297.11
2012-06-18 12:00:00,0.00000000,289.48,0.00988,-0.355, 5.105, 97316.3,451.00,311.73
2012-06-18 13:00:00,0.00000000,291.15,0.01037,-0.324, 5.259, 97316.3,615.78,312.34
2012-06-18 14:00:00,0.00000000,292.83,0.01087,-0.292, 5.419, 97316.7,745.01,312.95
2012-06-18 15:00:00,0.00000000,294.50,0.01137,-0.260, 5.569, 97316.1,824.64,331.39
2012-06-18 16:00:00,0.00000000,295.18,0.01156,-0.132, 5.595, 97269.0,883.55,331.59
2012-06-18 17:00:00,0.00000000,295.86,0.01174, 0.001, 5.613, 97224.8,892.89,331.77
2012-06-18 18:00:00,0.00000000,296.54,0.01193, 0.130, 5.635, 97177.9,864.56,337.30
2012-06-18 19:00:00,0.00000000,296.69,0.01205, 0.451, 5.337, 97138.3,775.07,337.27
2012-06-18 20:00:00,0.00000000,296.85,0.01216, 0.778, 5.040, 97097.6,648.31,337.19
2012-06-18 21:00:00,0.00000000,297.00,0.01228, 1.106, 4.745, 97057.8,508.07,331.75
2012-06-18 22:00:00,0.00000000,295.48,0.01213, 0.808, 4.268, 97067.5,358.25,330.71
2012-06-18 23:00:00,0.00000000,293.96,0.01199, 0.511, 3.799, 97080.0,209.31,329.64
2012-06-19 00:00:00,0.00000000,292.45,0.01184, 0.219, 3.320, 97093.2, 29.69,300.58
2012-06-19 01:00:00,0.00000000,290.54,0.01075, 0.186, 3.504, 97075.8,  0.00,299.40
2012-06-19 02:00:00,0.00000000,288.63,0.00970, 0.151, 3.679, 97059.2,  0.00,298.24
2012-06-19 03:00:00,0.00000000,286.72,0.00868, 0.120, 3.860, 97044.7,  0.00,284.22
2012-06-19 04:00:00,0.00000000,285.72,0.00830, 0.495, 3.655, 97080.1,  0.00,283.36
2012-06-19 05:00:00,0.00000000,284.72,0.00793, 0.872, 3.457, 97114.6,  0.00,282.51
2012-06-19 06:00:00,0.00000000,283.73,0.00757, 1.251, 3.254, 97152.5,  0.00,279.40
2012-06-19 07:00:00,0.00000000,283.40,0.00739, 0.906, 3.314, 97117.8,  0.00,279.15
2012-06-19 08:00:00,0.00000000,283.07,0.00722, 0.557, 3.368, 97084.3,  0.00,278.93
2012-06-19 09:00:00,0.00000000,282.75,0.00704, 0.208, 3.426, 97052.4, 26.32,284.88
2012-06-19 10:00:00,0.00000000,284.88,0.00811, 0.008, 3.387, 97062.5,155.60,285.51
2012-06-19 11:00:00,0.00000000,287.02,0.00920,-0.195, 3.343, 97071.0,290.69,286.16
2012-06-19 12:00:00,0.00000000,289.16,0.01030,-0.393, 3.308, 97083.0,447.72,320.88
2012-06-19 13:00:00,0.00000000,291.13,0.01117, 0.137, 3.560, 97045.5,611.46,321.51
2012-06-19 14:00:00,0.00000000,293.10,0.01204, 0.665, 3.811, 97007.8,739.94,322.14
2012-06-19 15:00:00,0.00000000,295.07,0.01293, 1.198, 4.064, 96970.3,788.28,348.96
2012-06-19 16:00:00,0.00000000,295.84,0.01314, 1.593, 4.740, 96956.6,844.77,349.35
2012-06-19 17:00:00,0.00000000,296.62,0.01336, 1.988, 5.416, 96941.9,853.89,349.79
2012-06-19 18:00:00,0.00000000,297.40,0.01356, 2.380, 6.086, 96927.9,731.37,370.40
2012-06-19 19:00:00,0.00000000,297.58,0.01355, 2.663, 5.639, 96883.1,655.71,370.81
2012-06-19 20:00:00,0.00000028,297.78,0.01355, 2.941, 5.189, 96837.1,548.69,371.27
2012-06-19 21:00:00,0.00000010,297.97,0.01353, 3.218, 4.741, 96788.0,332.92,393.93
2012-06-19 22:00:00,0.00000000,296.69,0.01355, 3.159, 4.232, 96743.3,234.94,391.48
2012-06-19 23:00:00,0.00000000,295.42,0.01356, 3.095, 3.726, 96697.8,137.44,389.02
2012-06-20 00:00:00,0.00000000,294.15,0.01355, 3.036, 3.216, 96650.0, 23.61,370.61
2012-06-20 01:00:00,0.00000010,291.71,0.01198, 2.933, 2.798, 96638.7,  0.00,363.93
2012-06-20 02:00:00,0.00000031,289.28,0.01055, 2.835, 2.372, 96629.8,  0.00,357.31
2012-06-20 03:00:00,0.00000068,286.84,0.00925, 2.732, 1.957, 96616.5,  0.00,315.14
2012-06-20 04:00:00,0.00000034,286.55,0.00918, 2.860, 1.821, 96620.4,  0.00,314.81
2012-06-20 05:00:00,0.00000016,286.26,0.00912, 2.988, 1.689, 96623.4,  0.00,314.48
2012-06-20 06:00:00,0.00000000,285.97,0.00905, 3.110, 1.555, 96626.5,  0.00,354.36
2012-06-20 07:00:00,0.00000003,286.91,0.00964, 2.979, 1.400, 96617.8,  0.00,356.66
2012-06-20 08:00:00,0.00000000,287.84,0.01026, 2.846, 1.250, 96609.3,  0.00,359.00
2012-06-20 09:00:00,0.00000000,288.77,0.01091, 2.713, 1.094, 96601.1, 18.87,377.29
2012-06-20 10:00:00,0.00000000,291.01,0.01229, 2.953, 0.390, 96615.4,112.70,382.20
2012-06-20 11:00:00,0.00000000,293.24,0.01379, 3.198,-0.316, 96630.3,210.78,387.06
2012-06-20 12:00:00,0.00000000,295.47,0.01539, 3.441,-1.024, 96644.4,246.73,409.82
2012-06-20 13:00:00,0.00000000,295.96,0.01510, 4.135,-1.641, 96624.7,337.01,410.92
2012-06-20 14:00:00,0.00000000,296.47,0.01479, 4.833,-2.254, 96604.7,407.97,412.05
2012-06-20 15:00:00,0.00000000,296.96,0.01448, 5.524,-2.870, 96583.4,659.86,394.19
2012-06-20 16:00:00,0.00000000,297.57,0.01426, 6.082,-3.035, 96549.1,707.29,395.34
2012-06-20 17:00:00,0.00000000,298.19,0.01403, 6.639,-3.205, 96519.4,715.03,396.52
2012-06-20 18:00:00,0.00000000,298.80,0.01379, 7.190,-3.378, 96484.1,769.59,385.98
2012-06-20 19:00:00,0.00000000,298.84,0.01362, 6.823,-3.535, 96525.4,690.14,386.12
2012-06-20 20:00:00,0.00000000,298.87,0.01346, 6.454,-3.693, 96565.1,577.61,386.31
2012-06-20 21:00:00,0.00000000,298.91,0.01329, 6.080,-3.850, 96603.4,414.51,396.93
2012-06-20 22:00:00,0.00000000,297.44,0.01306, 4.998,-3.569, 96582.8,292.73,394.99
2012-06-20 23:00:00,0.00000000,295.98,0.01282, 3.915,-3.292, 96559.1,171.51,393.07
2012-06-21 00:00:00,0.00000000,294.51,0.01259, 2.833,-3.012, 96533.7, 14.67,388.87
2012-06-21 01:00:00,0.00000000,293.17,0.01168, 2.852,-2.761, 96560.9,  0.00,387.10
2012-06-21 02:00:00,0.00000000,291.82,0.01080, 2.875,-2.506, 96583.7,  0.00,385.26
2012-06-21 03:00:00,0.00000000,290.47,0.00995, 2.893,-2.257, 96607.7,  0.00,373.42
2012-06-21 04:00:00,0.00000000,289.84,0.00977, 2.662,-2.260, 96572.7,  0.00,372.72
2012-06-21 05:00:00,0.00000000,289.19,0.00958, 2.420,-2.264, 96536.8,  0.00,371.99
2012-06-21 06:00:00,0.00000000,288.56,0.00940, 2.179,-2.263, 96498.2,  0.00,359.91
2012-06-21 07:00:00,0.00000000,288.27,0.00927, 1.910,-2.376, 96460.3,  0.00,359.64
2012-06-21 08:00:00,0.00000000,287.99,0.00914, 1.644,-2.479, 96423.9,  0.00,359.41
2012-06-21 09:00:00,0.00000000,287.70,0.00900, 1.373,-2.586, 96386.5, 18.48,352.83
2012-06-21 10:00:00,0.00000000,289.53,0.00983, 1.414,-2.375, 96444.1,111.68,356.43
2012-06-21 11:00:00,0.00000000,291.36,0.01069, 1.452,-2.159, 96504.4,209.12,359.97
2012-06-21 12:00:00,0.00000000,293.19,0.01161, 1.494,-1.952, 96563.4,292.23,379.33
2012-06-21 13:00:00,0.00000000,294.19,0.01167, 1.248,-2.098, 96528.8,399.40,381.41
2012-06-21 14:00:00,0.00000000,295.21,0.01172, 1.002,-2.249, 96491.5,483.55,383.59
2012-06-21 15:00:00,0.00000000,296.21,0.01176, 0.748,-2.395, 96457.3,478.02,400.56
2012-06-21 16:00:00,0.00000000,296.68,0.01234, 1.071,-1.827, 96402.2,512.44,401.66
2012-06-21 17:00:00,0.00000000,297.16,0.01293, 1.394,-1.258, 96350.2,518.12,402.79
2012-06-21 18:00:00,0.00000000,297.63,0.01353, 1.713,-0.686, 96299.5,469.04,417.09
2012-06-21 19:00:00,0.00000000,298.35,0.01434, 1.577,-0.526, 96288.2,420.81,418.68
2012-06-21 20:00:00,0.00000000,299.08,0.01518, 1.434,-0.362, 96277.3,352.22,420.28
2012-06-21 21:00:00,0.00000000,299.80,0.01603, 1.294,-0.198, 96265.8,270.99,426.17
2012-06-21 22:00:00,0.00000000,298.98,0.01629, 0.404, 0.027, 96212.2,191.44,424.36
2012-06-21 23:00:00,0.00000000,298.17,0.01654,-0.482, 0.254, 96158.0,112.32,422.56
2012-06-22 00:00:00,0.00000000,297.36,0.01677,-1.372, 0.484, 96102.7, 19.86,417.55
2012-06-22 01:00:00,0.00000000,295.99,0.01524,-1.530, 1.147, 96079.9,  0.00,414.06
2012-06-22 02:00:00,0.00000000,294.63,0.01379,-1.688, 1.817, 96053.4,  0.00,410.57
2012-06-22 03:00:00,0.00000000,293.26,0.01242,-1.856, 2.482, 96029.9,  0.00,400.77
2012-06-22 04:00:00,0.00000828,292.55,0.01215,-1.672, 2.613, 96044.3,  0.00,399.56
2012-06-22 05:00:00,0.00074845,291.84,0.01189,-1.489, 2.740, 96059.5,  0.00,398.39
2012-06-22 06:00:00,0.00198500,291.13,0.01163,-1.307, 2.871, 96076.2,  0.00,373.70
2012-06-22 07:00:00,0.00000000,290.76,0.01164,-0.923, 2.977, 96077.9,  0.00,373.49
2012-06-22 08:00:00,0.00000000,290.39,0.01165,-0.540, 3.082, 96077.9,  0.00,373.29
2012-06-22 09:00:00,0.00000000,290.03,0.01167,-0.159, 3.182, 96078.4, 17.91,379.11
2012-06-22 10:00:00,0.00000000,291.46,0.01275,-0.050, 3.006, 96059.9,110.12,380.86
2012-06-22 11:00:00,0.00000000,292.90,0.01387, 0.053, 2.831, 96043.5,206.54,382.63
2012-06-22 12:00:00,0.00000000,294.33,0.01502, 0.162, 2.655, 96023.9,294.87,409.44
2012-06-22 13:00:00,0.00000000,295.66,0.01539, 1.173, 2.339, 96010.6,403.08,410.14
2012-06-22 14:00:00,0.00000000,296.99,0.01576, 2.194, 2.025, 95997.6,488.11,410.85
2012-06-22 15:00:00,0.00000000,298.32,0.01613, 3.209, 1.712, 95984.1,496.00,413.04
2012-06-22 16:00:00,0.00003651,297.80,0.01556, 3.690, 1.263, 96044.7,531.81,412.14
2012-06-22 17:00:00,0.00431071,297.28,0.01500, 4.178, 0.820, 96103.8,537.84,411.22
2012-06-22 18:00:00,0.00025325,296.76,0.01444, 4.658, 0.372, 96165.4,427.76,411.86
2012-06-22 19:00:00,0.00004152,296.70,0.01453, 3.977,-0.009, 96162.2,383.78,411.22
2012-06-22 20:00:00,0.00016819,296.64,0.01461, 3.290,-0.392, 96160.2,321.34,410.52
2012-06-22 21:00:00,0.00000108,296.58,0.01469, 2.600,-0.766, 96158.9,247.95,402.35
2012-06-22 22:00:00,0.00676390,295.83,0.01463, 2.340,-1.032, 96189.9,175.28,402.18
2012-06-22 23:00:00,0.00122902,295.08,0.01455, 2.072,-1.302, 96217.2,102.91,402.04
2012-06-23 00:00:00,0.00006479,294.33,0.01449, 1.809,-1.565, 96247.0, 18.76,386.87
2012-06-23 01:00:00,0.00000000,293.51,0.01400, 1.426,-1.919, 96265.9,  0.00,387.24
2012-06-23 02:00:00,0.00000000,292.68,0.01350, 1.044,-2.263, 96281.7,  0.00,387.58
2012-06-23 03:00:00,0.00000000,291.86,0.01301, 0.667,-2.610, 96299.1,  0.00,371.08
2012-06-23 04:00:00,0.00000000,291.37,0.01270, 0.784,-2.666, 96327.7,  0.00,371.46
2012-06-23 05:00:00,0.00000000,290.87,0.01240, 0.900,-2.722, 96359.3,  0.00,371.85
2012-06-23 06:00:00,0.00000000,290.38,0.01209, 1.015,-2.778, 96388.9,  0.00,364.40
2012-06-23 07:00:00,0.00000000,290.15,0.01187, 0.808,-2.994, 96387.2,  0.00,364.53
2012-06-23 08:00:00,0.00000104,289.92,0.01165, 0.603,-3.217, 96388.1,  0.00,364.60
2012-06-23 09:00:00,0.00002224,289.69,0.01144, 0.392,-3.439, 96386.8, 11.52,373.40
2012-06-23 10:00:00,0.00000765,289.90,0.01141, 0.158,-3.875, 96450.6, 72.24,373.10
2012-06-23 11:00:00,0.00003240,290.10,0.01137,-0.074,-4.315, 96514.0,135.75,372.76
2012-06-23 12:00:00,0.00000227,290.31,0.01135,-0.309,-4.750, 96577.2,276.70,369.64
2012-06-23 13:00:00,0.00000023,291.29,0.01160,-0.304,-4.823, 96555.6,378.43,369.47
2012-06-23 14:00:00,0.00000000,292.27,0.01186,-0.299,-4.889, 96535.6,458.41,369.32
2012-06-23 15:00:00,0.00000000,293.25,0.01211,-0.293,-4.957, 96514.6,519.90,383.34
2012-06-23 16:00:00,0.00000436,293.59,0.01206,-0.418,-5.016, 96535.3,557.61,382.76
2012-06-23 17:00:00,0.00000859,293.94,0.01202,-0.534,-5.079, 96556.2,563.96,382.19
2012-06-23 18:00:00,0.00000884,294.29,0.01198,-0.651,-5.136, 96577.3,483.89,393.24
2012-06-23 19:00:00,0.00000434,294.00,0.01201,-0.334,-4.887, 96581.9,434.14,392.91
2012-06-23 20:00:00,0.00000000,293.71,0.01204,-0.011,-4.636, 96583.3,363.57,392.61
2012-06-23 21:00:00,0.00000000,293.42,0.01207, 0.311,-4.387, 96587.6,329.38,386.06
2012-06-23 22:00:00,0.00000000,292.94,0.01198, 0.091,-4.140, 96622.4,232.92,386.30
2012-06-23 23:00:00,0.00000000,292.46,0.01189,-0.131,-3.901, 96657.6,136.88,386.58
2012-06-24 00:00:00,0.00000000,291.98,0.01180,-0.355,-3.656, 96693.7, 35.73,361.45
2012-06-24 01:00:00,0.00000000,291.16,0.01158,-0.520,-3.510, 96632.8,  0.00,362.46
2012-06-24 02:00:00,0.00000000,290.34,0.01136,-0.686,-3.354, 96573.4,  0.00,363.45
2012-06-24 03:00:00,0.00000000,289.52,0.01112,-0.851,-3.202, 96514.8,  0.00,362.42
2012-06-24 04:00:00,0.00000000,289.24,0.01098,-0.119,-3.236, 96589.9,  0.00,362.58
2012-06-24 05:00:00,0.00000000,288.94,0.01083, 0.620,-3.273, 96664.1,  0.00,362.70
2012-06-24 06:00:00,0.00000111,288.66,0.01069, 1.358,-3.304, 96738.7,  0.00,355.68
2012-06-24 07:00:00,0.00000523,288.42,0.01059, 1.407,-3.338, 96626.0,  0.00,355.82
2012-06-24 08:00:00,0.00000615,288.17,0.01048, 1.460,-3.372, 96512.0,  0.00,355.91
2012-06-24 09:00:00,0.00000599,287.93,0.01036, 1.512,-3.405, 96399.4, 16.47,363.85
2012-06-24 10:00:00,0.00033854,288.51,0.01038, 1.721,-3.860, 96511.7,105.49,362.02
2012-06-24 11:00:00,0.00005113,289.09,0.01038, 1.937,-4.311, 96625.6,198.64,360.17
2012-06-24 12:00:00,0.00000296,289.66,0.01038, 2.146,-4.759, 96739.7,327.66,354.17
2012-06-24 13:00:00,0.00000000,290.26,0.01021, 1.714,-5.325, 96634.8,448.31,353.02
2012-06-24 14:00:00,0.00000000,290.86,0.01005, 1.277,-5.889, 96528.9,543.21,351.92
2012-06-24 15:00:00,0.00000000,291.45,0.00988, 0.838,-6.454, 96424.5,676.41,350.39
2012-06-24 16:00:00,0.00000000,291.81,0.00987, 0.984,-5.852, 96441.3,725.59,349.69
2012-06-24 17:00:00,0.00000000,292.16,0.00986, 1.120,-5.255, 96456.5,733.99,349.02
2012-06-24 18:00:00,0.00000000,292.51,0.00985, 1.255,-4.661, 96473.0,720.91,357.80
2012-06-24 19:00:00,0.00000000,292.48,0.00991, 0.882,-4.222, 96384.3,646.95,357.58
2012-06-24 20:00:00,0.00000000,292.45,0.00997, 0.505,-3.794, 96295.5,541.89,357.35
2012-06-24 21:00:00,0.00000000,292.42,0.01003, 0.133,-3.358, 96207.4,405.15,366.54
2012-06-24 22:00:00,0.00000000,291.93,0.01032, 0.264,-2.348, 96282.8,286.53,367.27
2012-06-24 23:00:00,0.00000000,291.45,0.01061, 0.401,-1.342, 96359.0,168.50,367.98
2012-06-25 00:00:00,0.00000000,290.96,0.01091, 0.534,-0.334, 96433.5, 26.71,370.06
2012-06-25 01:00:00,0.00000000,290.34,0.01060, 0.235,-0.450, 96387.0,  0.00,371.07
2012-06-25 02:00:00,0.00000000,289.73,0.01028,-0.068,-0.565, 96341.1,  0.00,372.06
2012-06-25 03:00:00,0.00000000,289.11,0.00995,-0.367,-0.679, 96295.1,  0.00,366.97
2012-06-25 04:00:00,0.00000000,288.64,0.00992,-0.708,-0.010, 96343.0,  0.00,367.46
2012-06-25 05:00:00,0.00000000,288.16,0.00988,-1.050, 0.656, 96390.1,  0.00,367.97
2012-06-25 06:00:00,0.00000000,287.69,0.00985,-1.393, 1.325, 96436.8,  0.00,346.18
2012-06-25 07:00:00,0.00000000,287.23,0.00967,-1.541, 1.524, 96369.6,  0.00,346.59
2012-06-25 08:00:00,0.00000000,286.78,0.00948,-1.696, 1.719, 96301.5,  0.00,346.98
2012-06-25 09:00:00,0.00000000,286.32,0.00929,-1.844, 1.922, 96234.1, 15.48,345.28
2012-06-25 10:00:00,0.00000000,287.18,0.00966,-2.164, 2.011, 96219.9,101.80,343.94
2012-06-25 11:00:00,0.00000000,288.05,0.01000,-2.478, 2.101, 96204.8,192.10,342.60
2012-06-25 12:00:00,0.00000000,288.91,0.01034,-2.798, 2.193, 96190.2,215.04,367.87
2012-06-25 13:00:00,0.00008698,289.49,0.01026,-3.378, 2.750, 96150.0,294.40,366.70
2012-06-25 14:00:00,0.00017862,290.09,0.01019,-3.958, 3.313, 96110.4,356.83,365.61
2012-06-25 15:00:00,0.00002266,290.67,0.01012,-4.534, 3.875, 96068.7,501.66,366.42
2012-06-25 16:00:00,0.00000000,290.88,0.00976,-4.547, 4.971, 96043.0,538.14,365.56
2012-06-25 17:00:00,0.00000000,291.10,0.00941,-4.559, 6.077, 96014.1,544.49,364.76
2012-06-25 18:00:00,0.00008472,291.31,0.00906,-4.570, 7.174, 95987.3,611.59,360.48
2012-06-25 19:00:00,0.00000083,291.21,0.00914,-4.258, 6.996, 95953.5,548.92,360.36
2012-06-25 20:00:00,0.00000000,291.12,0.00920,-3.955, 6.823, 95920.0,459.92,360.18
2012-06-25 21:00:00,0.00000000,291.02,0.00928,-3.644, 6.643, 95885.0,347.18,359.48
2012-06-25 22:00:00,0.00000000,290.45,0.00952,-3.208, 5.840, 95940.2,245.66,361.05
2012-06-25 23:00:00,0.00011042,289.88,0.00978,-2.769, 5.044, 95998.8,144.53,362.66
2012-06-26 00:00:00,0.00104906,289.30,0.01005,-2.328, 4.247, 96054.5, 15.77,372.87
2012-06-26 01:00:00,0.00200456,288.93,0.01011,-2.756, 4.127, 96030.9,  0.00,374.46
2012-06-26 02:00:00,0.00175922,288.56,0.01017,-3.179, 4.004, 96004.4,  0.00,376.03
2012-06-26 03:00:00,0.00005198,288.19,0.01024,-3.601, 3.885, 95979.2,  0.00,365.88
2012-06-26 04:00:00,0.00020339,287.99,0.01025,-3.412, 3.842, 96029.1,  0.00,367.46
2012-06-26 05:00:00,0.00003916,287.79,0.01026,-3.220, 3.802, 96082.1,  0.00,369.04
2012-06-26 06:00:00,0.00000000,287.59,0.01026,-3.029, 3.758, 96134.5,  0.00,373.40
2012-06-26 07:00:00,0.00000185,287.62,0.01030,-3.235, 3.472, 96025.3,  0.00,373.89
2012-06-26 08:00:00,0.00003136,287.66,0.01035,-3.446, 3.190, 95915.5,  0.00,374.41
2012-06-26 09:00:00,0.00000000,287.70,0.01038,-3.653, 2.907, 95804.3,  6.68,379.24
2012-06-26 10:00:00,0.00000000,287.98,0.01046,-3.674, 2.566, 95860.0, 45.24,378.67
2012-06-26 11:00:00,0.00000093,288.26,0.01054,-3.697, 2.234, 95913.0, 85.59,378.05
2012-06-26 12:00:00,0.00054547,288.54,0.01061,-3.718, 1.890, 95968.5,172.28,382.27
2012-06-26 13:00:00,0.00060836,288.90,0.01070,-4.201, 1.548, 95924.9,235.94,381.31
2012-06-26 14:00:00,0.00018803,289.27,0.01079,-4.680, 1.198, 95882.8,286.07,380.37
2012-06-26 15:00:00,0.00021329,289.64,0.01088,-5.159, 0.856, 95839.0,364.14,376.83
2012-06-26 16:00:00,0.00119658,289.77,0.01088,-4.962,-0.156, 95788.5,390.76,376.29
2012-06-26 17:00:00,0.00155592,289.89,0.01088,-4.765,-1.167, 95735.1,395.43,375.70
2012-06-26 18:00:00,0.00118151,290.02,0.01089,-4.560,-2.180, 95683.2,359.31,380.43
2012-06-26 19:00:00,0.00059394,290.02,0.01091,-4.637,-2.341, 95618.0,322.53,380.31
2012-06-26 20:00:00,0.00048252,290.01,0.01092,-4.714,-2.493, 95548.9,270.30,380.16
2012-06-26 21:00:00,0.00100300,290.01,0.01094,-4.786,-2.648, 95481.0,251.37,374.16
2012-06-26 22:00:00,0.00033699,289.64,0.01099,-4.157,-2.408, 95414.9,177.88,374.97
2012-06-26 23:00:00,0.00020318,289.26,0.01104,-3.527,-2.168, 95349.6,104.69,375.74
2012-06-27 00:00:00,0.00137070,288.89,0.01109,-2.904,-1.931, 95287.5, 15.27,372.53
2012-06-27 01:00:00,0.00160810,288.59,0.01105,-2.717,-1.869, 95212.6,  0.00,372.97
2012-06-27 02:00:00,0.00136020,288.29,0.01101,-2.535,-1.803, 95137.8,  0.00,373.40
2012-06-27 03:00:00,0.00108147,287.99,0.01098,-2.352,-1.741, 95063.5,  0.00,362.88
2012-06-27 04:00:00,0.00133123,287.75,0.01082,-2.124,-1.192, 95077.3,  0.00,363.30
2012-06-27 05:00:00,0.00427626,287.50,0.01065,-1.900,-0.639, 95090.9,  0.00,363.64
2012-06-27 06:00:00,0.00097953,287.25,0.01048,-1.675,-0.088, 95105.4,  0.00,354.51
2012-06-27 07:00:00,0.00047444,286.98,0.01025,-1.841, 0.315, 95135.9,  0.00,354.69
2012-06-27 08:00:00,0.00060399,286.71,0.01001,-2.010, 0.715, 95167.4,  0.00,354.85
2012-06-27 09:00:00,0.00009201,286.45,0.00977,-2.176, 1.112, 95198.4,  7.00,356.52
2012-06-27 10:00:00,0.00006979,286.84,0.00986,-2.230, 1.372, 95236.8, 48.99,356.71
2012-06-27 11:00:00,0.00002538,287.23,0.00995,-2.277, 1.628, 95275.8, 92.96,356.86
2012-06-27 12:00:00,0.00000000,287.63,0.01004,-2.326, 1.889, 95314.6,279.76,365.64
2012-06-27 13:00:00,0.00000547,288.52,0.01039,-2.913, 1.339, 95307.7,383.45,366.67
2012-06-27 14:00:00,0.00026288,289.42,0.01074,-3.500, 0.790, 95298.5,465.10,367.70
2012-06-27 15:00:00,0.00000333,290.32,0.01110,-4.083, 0.247, 95293.6,533.28,358.69
2012-06-27 16:00:00,0.00024698,290.54,0.01093,-3.535, 0.453, 95366.7,572.37,359.22
2012-06-27 17:00:00,0.00020402,290.77,0.01078,-2.986, 0.665, 95443.4,579.33,359.82
2012-06-27 18:00:00,0.00053046,290.99,0.01061,-2.439, 0.871, 95520.2,441.40,364.23
2012-06-27 19:00:00,0.00049353,290.57,0.01070,-1.691, 0.769, 95537.5,396.35,364.32
2012-06-27 20:00:00,0.00009376,290.16,0.01080,-0.951, 0.666, 95555.4,332.13,364.43
2012-06-27 21:00:00,0.00000419,289.74,0.01089,-0.208, 0.568, 95571.5,305.45,362.30
2012-06-27 22:00:00,0.00000228,289.62,0.01093, 0.035, 0.122, 95574.7,216.18,362.39
2012-06-27 23:00:00,0.00000202,289.49,0.01098, 0.281,-0.323, 95577.4,127.27,362.52
2012-06-28 00:00:00,0.00000114,289.36,0.01102, 0.527,-0.768, 95581.5, 21.35,366.36
2012-06-28 01:00:00,0.00000469,288.53,0.01062, 0.725,-1.155, 95619.8,  0.00,365.37
2012-06-28 02:00:00,0.00000101,287.69,0.01024, 0.925,-1.545, 95658.3,  0.00,364.43
2012-06-28 03:00:00,0.00000215,286.86,0.00985, 1.125,-1.933, 95698.2,  0.00,354.13
2012-06-28 04:00:00,0.00000225,286.84,0.00990, 1.664,-1.923, 95733.8,  0.00,354.01
2012-06-28 05:00:00,0.00000246,286.81,0.00994, 2.207,-1.919, 95771.9,  0.00,353.86
2012-06-28 06:00:00,0.00000452,286.79,0.00997, 2.745,-1.908, 95809.6,  0.00,358.34
2012-06-28 07:00:00,0.00000346,286.66,0.00988, 2.522,-1.829, 95749.9,  0.00,358.36
2012-06-28 08:00:00,0.00000304,286.54,0.00978, 2.300,-1.760, 95693.8,  0.00,358.36
2012-06-28 09:00:00,0.00000368,286.41,0.00968, 2.078,-1.681, 95635.1, 11.61,352.92
2012-06-28 10:00:00,0.00000109,287.09,0.00993, 2.408,-1.633, 95680.0, 84.50,352.71
2012-06-28 11:00:00,0.00000000,287.76,0.01017, 2.735,-1.582, 95724.3,160.83,352.46
2012-06-28 12:00:00,0.00000000,288.44,0.01042, 3.064,-1.531, 95768.2,248.49,374.78
2012-06-28 13:00:00,0.00000000,289.28,0.01047, 3.248,-2.347, 95779.7,340.76,374.85
2012-06-28 14:00:00,0.00000000,290.14,0.01053, 3.436,-3.160, 95791.6,413.51,374.91
2012-06-28 15:00:00,0.00000000,290.99,0.01058, 3.621,-3.977, 95800.1,517.17,371.20
2012-06-28 16:00:00,0.00000000,291.56,0.01071, 4.062,-3.710, 95798.7,555.19,371.78
2012-06-28 17:00:00,0.00000000,292.13,0.01084, 4.491,-3.450, 95798.4,562.06,372.31
2012-06-28 18:00:00,0.00000000,292.69,0.01097, 4.932,-3.185, 95797.7,655.92,377.54
2012-06-28 19:00:00,0.00000000,293.32,0.01123, 4.969,-2.961, 95863.6,588.97,378.33
2012-06-28 20:00:00,0.00000000,293.95,0.01148, 5.000,-2.736, 95925.3,493.64,379.09
2012-06-28 21:00:00,0.00000000,294.58,0.01174, 5.039,-2.509, 95990.3,357.92,384.35
2012-06-28 22:00:00,0.00004136,293.55,0.01170, 4.355,-1.969, 95906.4,253.31,382.99
2012-06-28 23:00:00,0.00004026,292.52,0.01165, 3.674,-1.434, 95824.3,149.07,381.55
2012-06-29 00:00:00,0.00000000,291.49,0.01160, 2.994,-0.895, 95741.8, 29.25,380.65
2012-06-29 01:00:00,0.00000000,290.54,0.01116, 2.925,-0.416, 95815.4,  0.00,377.81
2012-06-29 02:00:00,0.00000000,289.58,0.01073, 2.855, 0.066, 95888.5,  0.00,374.96
2012-06-29 03:00:00,0.00000000,288.63,0.01032, 2.783, 0.544, 95962.1,  0.00,362.39
2012-06-29 04:00:00,0.00000000,288.24,0.01021, 2.769, 0.603, 95907.7,  0.00,362.45
2012-06-29 05:00:00,0.00000000,287.85,0.01011, 2.758, 0.673, 95852.6,  0.00,362.49
2012-06-29 06:00:00,0.00000000,287.46,0.01001, 2.746, 0.735, 95797.8,  0.00,320.34
2012-06-29 07:00:00,0.00000000,287.07,0.00974, 2.487, 1.392, 95739.6,  0.00,320.57
2012-06-29 08:00:00,0.00000000,286.67,0.00947, 2.229, 2.055, 95677.6,  0.00,320.80
2012-06-29 09:00:00,0.00000000,286.28,0.00920, 1.970, 2.712, 95617.9, 17.76,322.85
2012-06-29 10:00:00,0.00000000,287.88,0.01004, 1.948, 3.268, 95592.8,134.93,322.45
2012-06-29 11:00:00,0.00000000,289.49,0.01087, 1.928, 3.821, 95563.5,257.66,322.04
2012-06-29 12:00:00,0.00000000,291.10,0.01170, 1.904, 4.379, 95538.5,417.38,350.38
2012-06-29 13:00:00,0.00000000,292.70,0.01220, 2.947, 4.353, 95504.0,572.77,350.23
2012-06-29 14:00:00,0.00000000,294.29,0.01270, 3.988, 4.333, 95465.2,695.32,350.07
2012-06-29 15:00:00,0.00000000,295.89,0.01321, 5.036, 4.312, 95429.7,757.32,365.38
2012-06-29 16:00:00,0.00000000,296.33,0.01343, 5.460, 4.777, 95336.2,813.21,365.67
2012-06-29 17:00:00,0.00000000,296.78,0.01365, 5.893, 5.249, 95241.2,823.26,365.98
2012-06-29 18:00:00,0.00000000,297.22,0.01387, 6.317, 5.715, 95145.9,746.88,387.15
2012-06-29 19:00:00,0.00002583,297.30,0.01388, 6.382, 4.497, 95168.3,670.73,387.74
2012-06-29 20:00:00,0.00017310,297.37,0.01389, 6.457, 3.271, 95186.6,562.21,388.31
2012-06-29 21:00:00,0.00033576,297.45,0.01390, 6.523, 2.046, 95207.8,301.94,392.47
2012-06-29 22:00:00,0.00010750,295.84,0.01332, 6.283, 1.724, 95245.5,213.70,392.78
2012-06-29 23:00:00,0.00010432,294.24,0.01273, 6.041, 1.405, 95284.1,125.76,393.08
2012-06-30 00:00:00,0.00000000,292.63,0.01215, 5.805, 1.082, 95320.1, 31.44,351.44
2012-06-30 01:00:00,0.00000240,291.69,0.01185, 4.915, 0.756, 95390.0,  0.00,351.65
2012-06-30 02:00:00,0.00001998,290.74,0.01154, 4.031, 0.436, 95458.6,  0.00,351.88
2012-06-30 03:00:00,0.00008951,289.79,0.01125, 3.142, 0.110, 95525.6,  0.00,343.45
2012-06-30 04:00:00,0.00003365,289.22,0.01094, 3.294, 0.289, 95522.1,  0.00,343.66
2012-06-30 05:00:00,0.00002571,288.65,0.01062, 3.440, 0.476, 95518.4,  0.00,343.84
2012-06-30 06:00:00,0.00006837,288.08,0.01030, 3.595, 0.657, 95516.5,  0.00,346.03
2012-06-30 07:00:00,0.00000000,287.87,0.01016, 3.534, 0.604, 95505.1,  0.00,346.24
2012-06-30 08:00:00,0.00000000,287.64,0.01000, 3.466, 0.543, 95489.4,  0.00,346.43
2012-06-30 09:00:00,0.00000000,287.42,0.00985, 3.404, 0.480, 95478.2, 16.54,327.26
2012-06-30 10:00:00,0.00000000,289.29,0.01093, 3.291, 0.869, 95510.1,132.04,328.85
2012-06-30 11:00:00,0.00000000,291.15,0.01206, 3.184, 1.263, 95544.9,253.06,330.42
2012-06-30 12:00:00,0.00000000,293.01,0.01322, 3.074, 1.648, 95575.1,286.10,379.28
2012-06-30 13:00:00,0.00000000,294.24,0.01331, 3.878, 1.799, 95569.4,392.88,380.40
2012-06-30 14:00:00,0.00000000,295.47,0.01340, 4.687, 1.946, 95559.2,477.16,381.58
2012-06-30 15:00:00,0.00000000,296.71,0.01349, 5.489, 2.090, 95551.3,484.32,402.88
2012-06-30 16:00:00,0.00000000,296.89,0.01335, 5.586, 1.846, 95538.3,520.23,403.02
2012-06-30 17:00:00,0.00000000,297.08,0.01321, 5.674, 1.593, 95522.7,526.79,403.14
2012-06-30 18:00:00,0.00000000,297.27,0.01307, 5.766, 1.349, 95509.6,588.53,396.87
2012-06-30 19:00:00,0.00003780,297.12,0.01307, 5.824, 1.319, 95498.3,528.55,396.66
2012-06-30 20:00:00,0.00035572,296.97,0.01306, 5.877, 1.286, 95491.0,443.09,396.45
2012-06-30 21:00:00,0.00051365,296.82,0.01306, 5.931, 1.261, 95479.8,388.97,381.01
2012-06-30 22:00:00,0.00006510,295.69,0.01282, 5.645, 1.176, 95487.4,275.22,380.59
2012-06-30 23:00:00,0.00063373,294.56,0.01259, 5.354, 1.093, 95494.8,161.86,380.21
